,Volume (Liters),n active cows,concentrated_requirements,grass_requirements
0,563879.1973869547,29280.0,211470.09724569682,355635.5062450557
1,542188.5370408104,29280.0,204664.5302011012,357696.5676552545
2,507033.7364213945,29280.0,197550.76516591298,351014.952492589
