,Volume (Liters),n active cows
0,209119.34238525003,28163.0
1,284426.1876136046,28248.0
2,255109.54690964252,29182.0
