,Volume (Liters),n active cows,concentrated_requirements,grass_requirements
0,547576.7941180678,29280.0,203712.68293095464,353921.7253986496
1,520867.9671682572,29280.0,196270.23405673154,356097.7392993398
2,534658.9744043922,29280.0,200289.12300562413,347380.96235904447
